Canton,ob_mean,ob_q2.5,ob_q50,ob_q97.5,sb_mean,sb_q2.5,sb_q50,sb_q97.5
ABANGARES,0.1428588371314406,0.11126816369526225,0.13774575703949468,0.1897844059371324,0.19112562531729563,0.16707247744162235,0.1817055103141994,0.2847181325860904
ACOSTA,0.145612873887494,0.12111516328634132,0.13147759237785178,0.2708111070014072,0.2095115169250855,0.18268346753088927,0.19721470953043185,0.3604309384150374
ALAJUELA,0.150677877465142,0.11948332206090988,0.15215189304460797,0.17701165244021072,0.20425301958552516,0.16405811045017013,0.20314824366046436,0.27127788560977223
ALAJUELITA,0.13678050540344583,0.10194582254431331,0.1399446653930206,0.15007788994995255,0.1962632325273846,0.14631936355759595,0.20071967149937703,0.21669869510812087
ALVARADO,0.13919160939909273,0.11659320521253844,0.1376356217093097,0.18993846769509154,0.21457309257873644,0.1610067682027001,0.20893855528180108,0.32401594597427985
ASERRI,0.14387900579080992,0.13693635213470096,0.14289351234165104,0.15835933433223354,0.2007226821392826,0.18558395531778643,0.20004219286655794,0.22781687821577234
ATENAS,0.15657333784241562,0.1337624099670265,0.14844429463409511,0.2169366909121703,0.22114652444123645,0.17875837096082545,0.20887505426802247,0.36438593303803263
BAGACES,0.1336588099198837,0.12708185408663103,0.1309740061900838,0.15412706498552275,0.18927518589464234,0.1792131900248407,0.1868181457632574,0.20503150252062166
BARVA,0.1572016395651389,0.14404709591996792,0.15042843787000987,0.20626032316730192,0.22355094422912553,0.20665650297354757,0.21537238129102804,0.30543419731450616
BELEN,0.1588839080402633,0.1219757274240933,0.15854231911487676,0.2308375105589691,0.22711226552494432,0.16450127820466184,0.2201720871755617,0.37677867970272555
BUENOS AIRES,0.11143697802200599,0.0890212047797481,0.11104403726808762,0.13915553221172694,0.17932985125691733,0.13624005667730962,0.17959460831536297,0.21517307715736478
CARRILLO,0.1408316859326157,0.10189660631562353,0.1367462037363949,0.20664599515300053,0.19650050616330356,0.17081671733065049,0.1868400803774163,0.3184767838618706
CARTAGO,0.15189668444442256,0.14267201889784317,0.1488876052406039,0.19668677941466656,0.21713482108024523,0.18767415739885054,0.21106572468788398,0.2953069753407992
CAÑAS,0.13810076023385193,0.1152257882249148,0.1379114809062843,0.14963731387365944,0.19345397182877816,0.1675864891977483,0.1964242386417499,0.20757777340162484
CORREDORES,0.12736030730186904,0.0887594859421772,0.12255227898583819,0.16972572784705903,0.19117375430822947,0.13541626723469427,0.19225808379624856,0.24721018815151735
COTO BRUS,0.1344610182334602,0.08825637852294453,0.12210819012635472,0.24967772123750304,0.19319510743221957,0.13618080947945568,0.18722454704203198,0.3647463813812575
CURRIDABAT,0.15078083422257643,0.12981600679690578,0.15034721335587978,0.18157804797072497,0.21515181968636474,0.1884764189712591,0.21244273327194318,0.2609028787143746
DESAMPARADOS,0.1539818494172533,0.14445528286729156,0.153626197176913,0.1611381413117503,0.20576329836921525,0.20039444060874587,0.20519861763236347,0.2227026749657931
DOTA,0.1282609198355698,0.10056311541124428,0.12223658537741894,0.19106633150060584,0.20487227132155916,0.1559127642640348,0.1970709835085573,0.31143455173471246
EL GUARCO,0.14792527967684652,0.12615533227867176,0.1466523068109143,0.19237162305437885,0.2117237097726254,0.17764730958226688,0.2060338551785379,0.32607065433863064
ESCAZU,0.15302505832770524,0.13629930872316734,0.1530179888315852,0.18620787606194988,0.2155140505443657,0.1887744505193297,0.21240879164064375,0.27219053700697377
ESPARZA,0.1469709481944993,0.12970728292924397,0.14534032748177045,0.16870229979883244,0.19889461594247843,0.1726910425960266,0.19719936864674165,0.22831392152069555
FLORES,0.16115437754088022,0.14838041514819392,0.15518856986175109,0.2065368467403926,0.223414932648116,0.19936521726377915,0.21632562957201198,0.30869733025109497
GARABITO,0.13382918683697728,0.08202012540470162,0.1378006791582242,0.16321686304962948,0.17849959657441028,0.1157732434729356,0.1826457619274522,0.20202126468883264
GOICOECHEA,0.15394325004289575,0.13621826324942068,0.1546868891373845,0.17831410967575098,0.20817769129059033,0.18091036533394447,0.20789883150321087,0.2337062310756349
GOLFITO,0.1228560710056453,0.10844336829080661,0.12380878531220221,0.13215629172309035,0.18135546866088909,0.15699440786005006,0.18219200263418575,0.18813645012457184
GRECIA,0.15260013621824944,0.13407876474698702,0.1478392171317192,0.19004078465989865,0.2080158322627424,0.18383628156513004,0.20168770477390166,0.28399983929783434
GUACIMO,0.13684890280634124,0.10824420891157033,0.13438878792441683,0.16294982234374739,0.18078013565873213,0.14243398071812757,0.18144414162840516,0.2055957922440385
GUATUSO,0.12772589599742412,0.11603469818899205,0.12145616851021844,0.19974879983904406,0.1927009993079864,0.17127368151137987,0.18537009872562812,0.25142676314340484
HEREDIA,0.16036142578905468,0.1488822657233002,0.15765899393117608,0.17783638868793164,0.21675177479959085,0.20955257851511624,0.21400174283668727,0.23549799926838555
HOJANCHA,0.14407892831317498,0.11522718971868874,0.13266955152853122,0.2380936110286302,0.2184153922458015,0.18818134865614694,0.20110609551787195,0.35639452897209556
JIMENEZ,0.14606679183679308,0.12075936762742201,0.1455952005081339,0.17756405445006737,0.20265572189655465,0.16728872814493168,0.19867995871739563,0.26946274809504284
LA CRUZ,0.11739388419881873,0.0933330326549881,0.1130667418946763,0.1526911631395496,0.19036279260197536,0.14377296604153217,0.18580028827546735,0.23872795562904967
LA UNION,0.1515145166754376,0.14602209851624995,0.14980403425547217,0.15844187203219276,0.20852686581685337,0.19796835929250248,0.2071960243064621,0.23145056119988872
LEON CORTES,0.12358156576403083,0.0960557381337551,0.12214616942530573,0.19474255980692445,0.20125483410215397,0.13760594639626741,0.19512003881950224,0.3166853896954037
LIBERIA,0.14251073292500055,0.13167664772248763,0.1381461209550398,0.17083461189083474,0.19672664265759807,0.17916098369759453,0.19410811861168736,0.23732460900169405
LIMON,0.1296550138609418,0.10672584652207609,0.1283798772282026,0.14620859066280828,0.179735592141209,0.14525178124779048,0.18072494643202033,0.2089826501022569
LOS CHILES,0.11009225219723125,0.08436882040240384,0.10914855223901268,0.1563361534976962,0.18368002814193646,0.14067630334633854,0.17865527265351705,0.23890521172779572
MATINA,0.11456596162778658,0.07567722004817344,0.11710391165310292,0.13161299988687553,0.17321034173229247,0.12211869534647063,0.1757635393707968,0.20823697353524212
MONTES DE OCA,0.17188399806137455,0.1467702608864109,0.16872352140086927,0.20908170810699236,0.2234013814430776,0.21120402379011818,0.21831426234857615,0.26679635492621134
MONTES DE ORO,0.1473465524868423,0.11122562749883767,0.1486340554007608,0.166875404926821,0.1997156049258856,0.15204596298828052,0.2003376095145194,0.23997878352167132
MORA,0.15670747251526684,0.1367525954252647,0.14428444848166638,0.23343374519620294,0.214675117163278,0.19171030792889815,0.20149670669545855,0.3009856722527512
MORAVIA,0.162576459017785,0.15267438828685642,0.15944117966066498,0.1952906727021216,0.21866424490112718,0.21091266075888632,0.21443376702726902,0.2549612591019601
NANDAYURE,0.1437369000191551,0.10517677642648594,0.1365381056805821,0.24882820536189623,0.19842849968200255,0.15546576733265743,0.18244632417016324,0.3767707430797741
NARANJO,0.15133570964099485,0.1341136738918708,0.1471251037718205,0.19279560491542647,0.20861334628595554,0.18835730796767614,0.2044155479315844,0.26297354763845143
NICOYA,0.1403332689252071,0.11875837999160316,0.13583420356695156,0.18064383345265722,0.20174654948777065,0.18517675537804307,0.193806818759583,0.2571043655556414
OREAMUNO,0.14361602138130963,0.12406582198412111,0.14099939348084067,0.18173662240059857,0.21794213824538877,0.17886651516820254,0.21241956753669855,0.30182118327436036
OROTINA,0.14650787839025936,0.1250401739763015,0.14049658544123025,0.206448183200653,0.19808400157564096,0.16937653703044298,0.19447034344727487,0.24599623984989316
OSA,0.1215950591307671,0.10439472480346663,0.12201743508013838,0.1524181735012273,0.18488221896669382,0.14599984873016766,0.1843645162276472,0.22349710881051987
PAIS,0.1441790422177916,0.13969053133213405,0.14156656058208072,0.1777091137650676,0.2014759066184308,0.19357113579075885,0.1983593313999084,0.2350283977444695
PALMARES,0.15166746254545357,0.12626119495629834,0.150952007641467,0.20120596044099,0.2132986299740381,0.1743845780949215,0.20731009127006428,0.3205154865383456
PARAISO,0.1459797486023615,0.1270174161173055,0.14476737051090582,0.19019412486617976,0.20889985617074752,0.1791838330375509,0.2035505842503751,0.3079308937409911
PARRITA,0.1313277816670512,0.08554822667077053,0.1356998828476263,0.14689345200072748,0.1843579657532831,0.11663618510353702,0.1865114226072076,0.2262321537728882
PEREZ ZELEDON,0.13923026029900182,0.12482332879777287,0.13491139980379535,0.201469750556826,0.19449199811178958,0.17409831509331944,0.19080995182255428,0.25099200737993577
POAS,0.15022755627730913,0.12977535573337035,0.14523269494636998,0.20057622250474968,0.20762740712601674,0.18060544277306498,0.19788173451493185,0.3301918198609247
POCOCI,0.13698775758829113,0.10538794690427783,0.13666716280706698,0.1564942423438464,0.18275164571628713,0.14176104083495236,0.18246123178225582,0.2035216559770702
PUNTARENAS,0.1345768034644059,0.1198122836144654,0.13636878083723397,0.1400909487240128,0.18804464045623065,0.16663496467218566,0.1900454613314197,0.19517712845585372
PURISCAL,0.1582243783297228,0.13425452088383294,0.1418146005217804,0.27398357916392707,0.21772396872387878,0.1885773228857131,0.20114136311436343,0.3256687820403908
QUEPOS,0.14080784170974542,0.07867765992167342,0.1398776823649187,0.1930732921598742,0.19123133523487157,0.12381662315743794,0.18581138611162984,0.3020004788693473
SAN CARLOS,0.14054836547296365,0.11497332258594004,0.13291725362287027,0.22840870531557975,0.19650260296561242,0.160596986324719,0.19240923073278313,0.28629995705748024
SAN ISIDRO,0.1573774017581612,0.1327843142575157,0.15576840700640285,0.20346316449691276,0.22066382934560988,0.17673493269666368,0.2171713468965989,0.3044857996006323
SAN JOSE,0.14862411393147645,0.12172486222406417,0.15062325923494127,0.18152245590716978,0.20391705390936093,0.15991944537101574,0.2056102418699329,0.23646732925087804
SAN MATEO,0.14293476977859174,0.12079065791599496,0.13594724621234888,0.200820343694207,0.20893973995040102,0.16670381898432673,0.1976508816929678,0.33672606392585525
SAN PABLO,0.16108083017288385,0.14384476326135462,0.15678172227638865,0.21807057000089458,0.2254260111125336,0.20948511483131516,0.2174548939509418,0.30783212142881733
SAN RAFAEL,0.16082989405714776,0.14688623627253364,0.15513618632222234,0.19623656682944032,0.21741386360285148,0.19963588770385832,0.2111067151344445,0.2792354208333233
SAN RAMON,0.15267639470428657,0.13392065442480583,0.14503283781604542,0.23817444485350742,0.20758305239915048,0.18781226974700493,0.19993746823774042,0.27936103129343637
SANTA ANA,0.15380452132413563,0.14018855122623022,0.1487213843193289,0.21478576074431435,0.21820513779321615,0.20185541702968077,0.21291669569650712,0.2734664011119224
SANTA BARBARA,0.15335829590430014,0.12297380317360249,0.1525310024903024,0.1856014016742019,0.21297306398798774,0.1696500113098284,0.20950202611529517,0.30348214765279485
SANTA CRUZ,0.1496699670932229,0.1323423530855979,0.14244451078351933,0.19784610444333914,0.20184973006553197,0.18538413388364677,0.1903117067399241,0.2824447387889085
SANTO DOMINGO,0.15631762400441807,0.13520007046538077,0.15614214173792157,0.20692081513445773,0.2204700513861133,0.1805247099147932,0.21575903630604049,0.3124797627426593
SARAPIQUI,0.12822183605973914,0.11164370544211691,0.12081507592861111,0.2088163160382187,0.1852449960799383,0.15997645697071997,0.1798336354817764,0.24964299174200313
SARCHI,0.15729670723330144,0.1308254700091921,0.14607124035818528,0.2532174052544554,0.21170851836241394,0.19140263250837822,0.1991879015542221,0.295897860963421
SIQUIRRES,0.1311178457651405,0.11438226545161875,0.13093459168613952,0.14372952526988034,0.18357557235096122,0.15696233757982908,0.18445119573021923,0.19311339216374107
TALAMANCA,0.10799259258821392,0.07844146224927087,0.09918084641441585,0.1722851631869293,0.18204155890638854,0.13638726497027373,0.17852298845826875,0.2238681986403115
TARRAZU,0.1328970401897716,0.12112948815881222,0.1317984135685939,0.17919778586172483,0.194286682481019,0.17103049882350574,0.19305472861954248,0.22614697227648442
TIBAS,0.15326821462230827,0.1263469063577806,0.15467858313473404,0.19213551931612244,0.20760904027039606,0.16511654136839354,0.20837167295542414,0.24969658385285531
TILARAN,0.14773384572597079,0.12188372942359738,0.1438023405568628,0.1771621335182858,0.19688753809699094,0.1678321483782163,0.1933754889734869,0.23951818348535253
TURRIALBA,0.14162918976782013,0.12589291982984765,0.13948106195555915,0.18100474003214853,0.19973544570403373,0.17528756254376132,0.19523128484895513,0.24226129812886898
TURRUBARES,0.15481907522871627,0.10137398220596316,0.14275278508680117,0.2916829507327536,0.20109919542522858,0.15265253345373858,0.17915157008543475,0.4346837769902705
UPALA,0.12588193047610055,0.10863780680397807,0.11520068026505571,0.18182820829599838,0.1960691160681721,0.16642961634611952,0.18836524539669958,0.2666745378833527
VAZQUEZ DE CORONADO,0.15824185619103442,0.14795563383423407,0.15636903983123634,0.18866058051050014,0.21796681888089955,0.19690013125247244,0.21332883767089644,0.28671954755900775
ZARCERO,0.15656416748556,0.1259967525759274,0.14395892273749988,0.26094488334383936,0.22459519261401728,0.18124904968208475,0.21432025311314662,0.3192473233548621
